{"id":"048be6b3-4630-4011-8072-0622582b21a4","name":"HealthCare","description":"","auth":null,"events":null,"variables":[{"key":"docTyp","value":"","disabled":false},{"key":"patient_id","value":"","disabled":false},{"key":"report_id","value":"","disabled":false},{"key":"drugs_id","value":"","disabled":false},{"key":"test_id","value":"","disabled":false}],"order":[],"folders_order":["cf5b4ab1-cdba-4d01-97ad-f3e7773db731","c4cc0a6a-64b4-4c4c-a149-f06ac9f7a919","efb7df0b-5d26-4fc7-ae0d-64224e34af30","0ae9371c-c0f9-45db-a10d-f022cb39a654","379191fa-f67c-4522-af3d-33c33304944f"],"protocolProfileBehavior":{},"folders":[{"id":"cf5b4ab1-cdba-4d01-97ad-f3e7773db731","name":"Patient","description":"","auth":null,"events":null,"collection":"048be6b3-4630-4011-8072-0622582b21a4","folder":null,"order":["99d2392f-5cb2-4efc-86d0-935935e4289d","4a311b87-b609-4c4c-b14b-f284af6297cd"],"folders_order":[],"protocolProfileBehavior":{},"collectionId":"048be6b3-4630-4011-8072-0622582b21a4","folderId":"cf5b4ab1-cdba-4d01-97ad-f3e7773db731"},{"id":"efb7df0b-5d26-4fc7-ae0d-64224e34af30","name":"doctor","description":"","auth":null,"events":null,"collection":"048be6b3-4630-4011-8072-0622582b21a4","folder":null,"order":["faab3542-fa81-4eff-8ccc-c94def21643f","dcdc7b3e-03e9-449a-aef2-a3e68df7137a","b1242257-6e73-4e7d-b236-b2ae5ee0fc88","df0dc95e-d6a9-4eab-8a3a-1aa9fe765d87","ae829ff9-7b00-4506-b84c-41c27cd3d643","d0b71786-5515-4042-9fac-afd403087116"],"folders_order":[],"protocolProfileBehavior":{},"collectionId":"048be6b3-4630-4011-8072-0622582b21a4","folderId":"efb7df0b-5d26-4fc7-ae0d-64224e34af30"},{"id":"c4cc0a6a-64b4-4c4c-a149-f06ac9f7a919","name":"hospital","description":"","auth":null,"events":null,"collection":"048be6b3-4630-4011-8072-0622582b21a4","folder":null,"order":["17c4be7c-e530-43ae-a91e-d7e44dae03b8","24d27341-bc23-446f-87f8-9b9cc8e0b77d"],"folders_order":[],"protocolProfileBehavior":{},"collectionId":"048be6b3-4630-4011-8072-0622582b21a4","folderId":"c4cc0a6a-64b4-4c4c-a149-f06ac9f7a919"},{"id":"0ae9371c-c0f9-45db-a10d-f022cb39a654","name":"path lab","description":"","auth":null,"events":null,"collection":"048be6b3-4630-4011-8072-0622582b21a4","folder":null,"order":["e9177612-9fe6-4ed5-8dca-2d94695967e1"],"folders_order":[],"protocolProfileBehavior":{},"collectionId":"048be6b3-4630-4011-8072-0622582b21a4","folderId":"0ae9371c-c0f9-45db-a10d-f022cb39a654"},{"id":"379191fa-f67c-4522-af3d-33c33304944f","name":"pharmacies","description":"","auth":null,"events":null,"collection":"048be6b3-4630-4011-8072-0622582b21a4","folder":null,"order":["a35a452d-3b32-4c1e-88d6-42b956a11acf"],"folders_order":[],"protocolProfileBehavior":{},"collectionId":"048be6b3-4630-4011-8072-0622582b21a4","folderId":"379191fa-f67c-4522-af3d-33c33304944f"}],"requests":[{"id":"17c4be7c-e530-43ae-a91e-d7e44dae03b8","name":"create new report for patient","url":"http://localhost:3000/hospital/createreport","description":"","data":[],"dataOptions":{"raw":{"language":"json"}},"dataMode":"raw","headerData":[],"method":"POST","pathVariableData":[],"queryParams":[],"auth":null,"events":[],"folder":"c4cc0a6a-64b4-4c4c-a149-f06ac9f7a919","currentHelper":null,"helperAttributes":null,"collectionId":"048be6b3-4630-4011-8072-0622582b21a4","rawModeData":"{\n\t\"patient_id\":\"24545\",\n\t\"ref_doctor\": \"1\"\n}","headers":"","pathVariables":{}},{"id":"24d27341-bc23-446f-87f8-9b9cc8e0b77d","name":"start treatment","url":"http://localhost:3000/hospital/starttreatment","description":"","data":[],"dataOptions":{"raw":{"language":"json"}},"dataMode":"raw","headerData":[{"key":"treatment_id","value":"8ca40955-2071-4b28-a037-d1c8866688ff","description":"","type":"text","enabled":true}],"method":"PUT","pathVariableData":[],"queryParams":[],"auth":null,"events":[],"folder":"c4cc0a6a-64b4-4c4c-a149-f06ac9f7a919","currentHelper":null,"helperAttributes":null,"collectionId":"048be6b3-4630-4011-8072-0622582b21a4","rawModeData":"{\n\t\"supervisor\":\"25\"\n}","headers":"treatment_id: 8ca40955-2071-4b28-a037-d1c8866688ff\n","pathVariables":{}},{"id":"4a311b87-b609-4c4c-b14b-f284af6297cd","name":"give Temporery consent ","url":"http://localhost:3000/patient/giveconsent","description":"","data":[],"dataOptions":{"raw":{"language":"json"}},"dataMode":"raw","headerData":[],"method":"PUT","pathVariableData":[],"queryParams":[],"auth":null,"events":[],"folder":"cf5b4ab1-cdba-4d01-97ad-f3e7773db731","currentHelper":null,"helperAttributes":null,"collectionId":"048be6b3-4630-4011-8072-0622582b21a4","rawModeData":"{\n\t\"aadhaar\":\"24545\",\n\t\"type\": \"ADD\",\n\t\"to\": \"1\",\n\t\"till\": \"1585886650\" \n}","headers":"","pathVariables":{}},{"id":"99d2392f-5cb2-4efc-86d0-935935e4289d","name":"register patient to network","url":"http://localhost:3000/patient/register","description":"","data":[],"dataOptions":{"raw":{"language":"json"}},"dataMode":"raw","headerData":[],"method":"POST","pathVariableData":[],"queryParams":[],"auth":null,"events":[],"folder":"cf5b4ab1-cdba-4d01-97ad-f3e7773db731","currentHelper":null,"helperAttributes":null,"collectionId":"048be6b3-4630-4011-8072-0622582b21a4","rawModeData":"{\n\t\"aadhaar\":\"24545\",\n\t\"consenter\": \"54879\"\n}","headers":"","pathVariables":{}},{"id":"a35a452d-3b32-4c1e-88d6-42b956a11acf","name":"Give drugs to patient","url":"http://localhost:3000/pharmacies/givedrugs","description":"","data":[],"dataOptions":{"raw":{"language":"json"}},"dataMode":"raw","headerData":[{"key":"drug_id","value":"2ec78d5d-c25d-4ffa-8b1c-7dbae86713c7","description":"","type":"text","enabled":true}],"method":"PUT","pathVariableData":[],"queryParams":[],"auth":null,"events":[],"folder":"379191fa-f67c-4522-af3d-33c33304944f","currentHelper":null,"helperAttributes":null,"collectionId":"048be6b3-4630-4011-8072-0622582b21a4","rawModeData":"{\n\t\"ignored_drug\":\"[]\",\n\t\"message\":\"[]\"\n}","headers":"drug_id: 2ec78d5d-c25d-4ffa-8b1c-7dbae86713c7\n","pathVariables":{}},{"id":"ae829ff9-7b00-4506-b84c-41c27cd3d643","name":"add media file to treatment","url":"http://localhost:3000/doctor/treatment/addmediafile","description":"","data":[],"dataOptions":{"raw":{"language":"json"}},"dataMode":"raw","headerData":[{"key":"treatment_id","value":"8ca40955-2071-4b28-a037-d1c8866688ff","description":"","type":"text","enabled":true}],"method":"PUT","pathVariableData":[],"queryParams":[],"auth":null,"events":[],"folder":"efb7df0b-5d26-4fc7-ae0d-64224e34af30","currentHelper":null,"helperAttributes":null,"collectionId":"048be6b3-4630-4011-8072-0622582b21a4","rawModeData":"{\n\t\"supervisor\":\"25\",\n\t\"no_of_mediafile\":\"6\"\n}","headers":"treatment_id: 8ca40955-2071-4b28-a037-d1c8866688ff\n","pathVariables":{}},{"id":"b1242257-6e73-4e7d-b236-b2ae5ee0fc88","name":"ref treatment","url":"http://localhost:3000/doctor/report/reftreatment","description":"","data":[],"dataOptions":{"raw":{"language":"json"}},"dataMode":"raw","headerData":[{"key":"report_id","value":"8bbd3936-3f25-4ee5-a228-0789172dd131","description":"","type":"text","enabled":true}],"method":"POST","pathVariableData":[],"queryParams":[],"auth":null,"events":[],"folder":"efb7df0b-5d26-4fc7-ae0d-64224e34af30","currentHelper":null,"helperAttributes":null,"collectionId":"048be6b3-4630-4011-8072-0622582b21a4","rawModeData":"{\n\t\"ref_doctor\":\"1\",\n\t\"name\":\"COVID-19 treatment\"\n}","headers":"report_id: 8bbd3936-3f25-4ee5-a228-0789172dd131\n","pathVariables":{}},{"id":"d0b71786-5515-4042-9fac-afd403087116","name":"prescribe drugs to patient","url":"http://localhost:3000/doctor/report/presdrugs","description":"","data":[],"dataOptions":{"raw":{"language":"json"}},"dataMode":"raw","headerData":[{"key":"report_id","value":"8bbd3936-3f25-4ee5-a228-0789172dd131","description":"","type":"text","enabled":true}],"method":"POST","pathVariableData":[],"queryParams":[],"auth":null,"events":[],"folder":"efb7df0b-5d26-4fc7-ae0d-64224e34af30","currentHelper":null,"helperAttributes":null,"collectionId":"048be6b3-4630-4011-8072-0622582b21a4","rawModeData":"{\n\t\"ref_doctor\":\"7\",\n\t\"drugs\":\"[\\\"drugs-1\\\",\\\"drugs-2\\\",\\\"drugs-3\\\",\\\"drugs-4\\\"]\",\n\t\"doses\":\"[\\\"doses-1\\\",\\\"doses-2\\\",\\\"doses-3\\\",\\\"doses-4\\\"]\"\n}","headers":"report_id: 8bbd3936-3f25-4ee5-a228-0789172dd131\n","pathVariables":{}},{"id":"dcdc7b3e-03e9-449a-aef2-a3e68df7137a","name":"Ref test to patient","url":"http://localhost:3000/doctor/report/reftest","description":"","data":[],"dataOptions":{"raw":{"language":"json"}},"dataMode":"raw","headerData":[{"key":"report_id","value":"8bbd3936-3f25-4ee5-a228-0789172dd131","description":"","type":"text","enabled":true}],"method":"POST","pathVariableData":[],"queryParams":[],"auth":null,"events":[],"folder":"efb7df0b-5d26-4fc7-ae0d-64224e34af30","currentHelper":null,"helperAttributes":null,"collectionId":"048be6b3-4630-4011-8072-0622582b21a4","rawModeData":"{\n\t\"name\":\"COIVD-19\",\n\t\"ref_doctor\": \"1\",\n\t\"type_of_test\":\"1\"\n}","headers":"report_id: 8bbd3936-3f25-4ee5-a228-0789172dd131\n","pathVariables":{}},{"id":"df0dc95e-d6a9-4eab-8a3a-1aa9fe765d87","name":"add comment to treatment","url":"http://localhost:3000/doctor/treatment/addcomment","description":"","data":[],"dataOptions":{"raw":{"language":"json"}},"dataMode":"raw","headerData":[{"key":"treatment_id","value":"8ca40955-2071-4b28-a037-d1c8866688ff","description":"","type":"text","enabled":true}],"method":"PUT","pathVariableData":[],"queryParams":[],"auth":null,"events":[],"folder":"efb7df0b-5d26-4fc7-ae0d-64224e34af30","currentHelper":null,"helperAttributes":null,"collectionId":"048be6b3-4630-4011-8072-0622582b21a4","rawModeData":"{\n\t\"supervisor\":\"25\",\n\t\"comment\":\"This is first comment\"\n}","headers":"treatment_id: 8ca40955-2071-4b28-a037-d1c8866688ff\n","pathVariables":{}},{"id":"e9177612-9fe6-4ed5-8dca-2d94695967e1","name":"do test ","url":"http://localhost:3000/pathlab/dotest","description":"","data":[],"dataOptions":{"raw":{"language":"json"}},"dataMode":"raw","headerData":[{"key":"test_id","value":"58a38969-9cfb-448b-9df8-1192216daa72","description":"","type":"text","enabled":true}],"method":"PUT","pathVariableData":[],"queryParams":[],"auth":null,"events":[],"folder":"0ae9371c-c0f9-45db-a10d-f022cb39a654","currentHelper":null,"helperAttributes":null,"collectionId":"048be6b3-4630-4011-8072-0622582b21a4","rawModeData":"{\n\t\"test_result\":\"-ve\",\n\t\"supervisor\":\"14545\",\n\t\"no_of_mediafile\":\"3\"\n}","headers":"test_id: 58a38969-9cfb-448b-9df8-1192216daa72\n","pathVariables":{}},{"id":"faab3542-fa81-4eff-8ccc-c94def21643f","name":"add comment to reports","url":"http://localhost:3000/doctor//report/addcomment","description":"","data":[],"dataOptions":{"raw":{"language":"json"}},"dataMode":"raw","headerData":[{"key":"report_id","value":"8bbd3936-3f25-4ee5-a228-0789172dd131","description":"","type":"text","enabled":true}],"method":"PUT","pathVariableData":[],"queryParams":[{"key":"report_id","value":"8bbd3936-3f25-4ee5-a228-0789172dd131","description":null,"enabled":false}],"auth":null,"events":[],"folder":"efb7df0b-5d26-4fc7-ae0d-64224e34af30","currentHelper":null,"helperAttributes":null,"collectionId":"048be6b3-4630-4011-8072-0622582b21a4","rawModeData":"{\n\t\"comment\":\"This is first comment\",\n\t\"ref_doctor\":\"1\"\n}","headers":"report_id: 8bbd3936-3f25-4ee5-a228-0789172dd131\n","pathVariables":{}}]}